sentiment,text,user
"neutral","RT @ForbesTech: Organizations Striving To Close The Data Science Skills Gap\nhttps://t.co/fOg0kdbfJX","SherlbieLayla"
"positive","RT @digitalFlaneuse: This is a must-read, must-see explainer on machine learning. Gorgeous, clear, pedagogically sound. I‚Äôm adding it to my‚Ä¶","arutherfordium"
"neutral","MobiKwik makes maiden investment of Rs 2 Cr in data science startup Pivotchain - https://t.co/Cb79CKqcIc https://t.co/aVlUtiIME5","venturecanvas"
"positive","RT @Mark_J_Perry: New Data for Class of 2016: Women Earned &gt;57% of All Bachelor Degrees and Out-Earned Men in 16 out of 29 Major Fields. Pr‚Ä¶","Disfosgen"
"positive","RT @Livongo: Curious about data science? Watch our latest webinar with Dr. Jenny Schneider to hear how Livongo uses data science to create‚Ä¶","hemanshujain"
"positive","RT @IBMDataScience: Join us on July 24 for the first IBM Community Day for Data Science.\n‚Ä¢ One-day virtual conference\n‚Ä¢ No cost to you + no‚Ä¶","tabsite"
"positive","RT @digitalFlaneuse: This is a must-read, must-see explainer on machine learning. Gorgeous, clear, pedagogically sound. I‚Äôm adding it to my‚Ä¶","ShlomoArgamon"
"neutral","RT @ForbesTech: Organizations Striving To Close The Data Science Skills Gap\nhttps://t.co/fOg0kdbfJX","bulele_bytes"
"neutral","Organizations Striving To Close The Data Science Skills Gap\nhttps://t.co/nDjED1gszr","saasnews7"
"positive","Curious about data science? Watch our latest webinar with Dr. Jenny Schneider to hear how Livongo uses data science‚Ä¶ https://t.co/r89Qt86jkK","Livongo"
"positive","RT @Ronald_vanLoon: Top 20 #DataScience Blogs And Websites For #DataScientists\nby @exastax @Medium |\n\nRead more details here https://t.co/t‚Ä¶","AbhijitGautam2"
"neutral","Organizations Striving To Close The Data Science Skills Gap\nhttps://t.co/fOg0kdbfJX","ForbesTech"
"positive","RT @DTWillingham: I review new evidence on learning styles: \nArticle here: https://t.co/IXPos48WHa\nBlog summary here: https://t.co/MoolXuhV‚Ä¶","benjamindickman"
"positive","RT @SieglerNicolas: AI For Good Episode 1 : Les neurosciences &amp;amp; les interfaces cerveau-machine https://t.co/kJSYZuhByn https://t.co/REk‚Ä¶","jpfrioul"
"positive","RT @IainLJBrown: CH Robinson moving forward with data science\n\nRead more here: https://t.co/bgsqzHJ2gS\n\n#DataScience #MachineLearning #Deep‚Ä¶","SokoloffLouiza"
"negative","RT @cijournalism: Less than 2 weeks to the #CIJSummer 2018! Hands-on and practical investigative skills: #data #ddj company #accounts #cove‚Ä¶","chrisoldcorn"
"neutral","RT @ICE_engineers: Technology and data science are part of the future of #infrastructure, and will be crucial for engineers in working to‚Ä¶","CostainGroup"
"positive","@audreywatters @qui_oui I just got this piece out on the new educational genomics stuff - it's getting some serious‚Ä¶ https://t.co/eTFNLBpbaO","BenPatrickWill"
"positive","RT @Mark_J_Perry: New Data for Class of 2016: Women Earned &gt;57% of All Bachelor Degrees and Out-Earned Men in 16 out of 29 Major Fields. Pr‚Ä¶","GrahamDPeterson"
"positive","RT @DrMarcoGreco: What should you look at when hiring new resources to manage #bigdata? Our paper Human Resources for Big Data Professions‚Ä¶","DrGioLoca"
"negative","Fighting common enemies at the Security Data Science Colloquium https://t.co/ga8NhOwVRD","sarahfender"
"neutral","Confundir el practicar ciencia de datos con administrar ciencia de datos, y otras razones por las cu√°les pueden fra‚Ä¶ https://t.co/pGP4Lhylm8","ilejarza"
"positive","The Essentials of Data Science and Machine Learning - Learning more about #deeplearning and #machinelearning https://t.co/pDEL0jKJSJ","BethanyhealthIT"
"neutral","#DailyDataScience: 'Organizations Striving To Close The Data Science Skills Gap' https://t.co/qvNRiws5PX","philanalytics"
"neutral","RT @kdnuggets: 7 #Books to Grasp Mathematical Foundations of #DataScience and #MachineLearning #KDN https://t.co/l6h04SZ9CS","fernandocuenca"
"neutral","RT @kdnuggets: 7 #Books to Grasp Mathematical Foundations of #DataScience and #MachineLearning #KDN https://t.co/l6h04SZ9CS","moseskalema00"
"neutral","NOUVEAU Ouverture pour la rentr√©e 2018 d'un master #Data Science pour la #sant√© ! Vous souhaitez vous former √† un m‚Ä¶ https://t.co/J724YQJqE8","ILIS_officiel"
"negative","RT @RogerPielkeJr: 5‚É£The use of science by IAAF in T regs is egregious:\n‚úÖfailure to share data upon request\n‚úÖnew results issued by press re‚Ä¶","ajmalsami"
"positive","RT @mikegbuck: How Skills, Roles and Responsibilities define great #DataScience #bigdata  https://t.co/ASAzfeUq9P https://t.co/QAlokOVJud","fernandocuenca"
"positive","RT @mikegbuck: How Skills, Roles and Responsibilities define great #DataScience #bigdata  https://t.co/ASAzfeUq9P https://t.co/QAlokOVJud","corixpartners"
"positive","RT @Mark_J_Perry: New Data for Class of 2016: Women Earned &gt;57% of All Bachelor Degrees and Out-Earned Men in 16 out of 29 Major Fields. Pr‚Ä¶","felsonj"
"neutral","RT @simplonco: #IALABODD La science des donn√©es peut profiter √† tous ! C'est la philosophie de @DataForGood_FR qui r√©unit des data scientis‚Ä¶","Hartmann_C"
"neutral","RT @dolessi: ÎÇòÏù¥ÏßÄÎ¶¨ÏïÑ, ÎãàÏ†úÎ•¥, ÌÉÑÏûêÎãàÏïÑÏóêÏÑúÎäî Í∏∞ÎèÖÍµêÎèÑ Ïó¨ÏÑ±Ïù¥ Ïù¥Ïä¨ÎûåÍµêÎèÑ Ïó¨ÏÑ±Î≥¥Îã§ FGMÏùÑ ÎãπÌïòÎäî ÎπÑÏú®Ïù¥ ÎÜíÏäµÎãàÎã§. https://t.co/PgaZZydq56 Í∑∏ Ï§ë ÎãàÏ†úÎ•¥ÏóêÏÑúÎäî Í∏∞ÎèÖÍµêÎèÑ Ïó¨ÏÑ±Ïùò¬†55%Í∞Ä ÏÑ±Í∏∞Ï†àÏ†úÎ•º ÎãπÌïòÎäî Î∞òÎ©¥ Ïù¥Ïä¨ÎûåÍµêÎèÑ‚Ä¶","h77555"
"positive","Big Data &amp; Data Science bootcamp - In short, are you responsible https://t.co/hRpXNBe1A6 #data-science","into_AI"
"positive","RT @strati_fi: By leveraging machine learning, data science, and automation, we help advisors manage portfolio risk in near real-time. See‚Ä¶","JefferySpears10"
"neutral","Organizations Striving To Close The Data Science Skills Gap - Big data is undoubtedly one of https://t.co/OsgUL2hG8H #data-science","into_AI"
"neutral","MobiKwik backs Data Science startup Pivotchain Solutions - 18 June 2018, India: MobiKwik https://t.co/bCACT723gR #data-science","into_AI"
"positive","New Joint Duke, Duke Kunshan Electrical and Computer Engineering Degree Seeks to Prepare ‚Ä¶ - ‚ÄúDuke E https://t.co/ZcMNoGajej #data-science","into_AI"
"neutral","MobiKwik invests Rs 2 Cr in Pune-based data science company Pivotchain Solutions - In a bid to https://t.co/MlgeLzp99E #data-science","into_AI"
"neutral","CH Robinson moving forward with data science - Data scientists at Amazon and https://t.co/q2weiBv7pB #data-science","into_AI"
"positive","RT @Hayleeee1848: @CarolineLucas @Conservatives Quick question for @Conservatives / @SamGyimah \nBy Investment in AI &amp; data science \nDo yo‚Ä¶","zuluzim909"
"positive","Choosing between the many things you could work on is a struggle many data scientists face https://t.co/YSSaep013W https://t.co/CgdMIiRrux","Alex_andra_P"
"neutral","RT @gabimaeztu: We keep on and on !! \nIf you're into ‚àë(data science ‚à© healthcare) projects ‚üπ  IOMED is the place to be !! \n\nhttps://t.co/Mp‚Ä¶","dieguico"
"neutral","RT @JRex_KN: Neue Ausschreibung f√ºr Science Data Centers des MWK Baden-W√ºrttemberg: https://t.co/jotNRmjftI #fdm","DFaehle"
"positive","RT @Mark_J_Perry: New Data for Class of 2016: Women Earned &gt;57% of All Bachelor Degrees and Out-Earned Men in 16 out of 29 Major Fields. Pr‚Ä¶","LanceSmith1100"
"positive","RT @Mark_J_Perry: New Data for Class of 2016: Women Earned &gt;57% of All Bachelor Degrees and Out-Earned Men in 16 out of 29 Major Fields. Pr‚Ä¶","haykekian"
"positive","RT @Mark_J_Perry: New Data for Class of 2016: Women Earned &gt;57% of All Bachelor Degrees and Out-Earned Men in 16 out of 29 Major Fields. Pr‚Ä¶","scott_kohnen"
"neutral","RT @carnby: Oportunidad para quienes busquen hacer un doctorado en temas relacionados a Data Science con las condiciones ideales: una buena‚Ä¶","Landa23"
"positive","This dispatch from the front-lines of automation is an important read. Could we scale it up into a 'mass observatio‚Ä¶ https://t.co/W9vWKB0fKm","JMateosGarcia"
"neutral","@Arash_Hajikhani @risis_eu @parraguezr from @DTUtweet participated last week in this initiative sharing their exper‚Ä¶ https://t.co/5nyQBWDxxI","EuritoH2020"
"positive","RT @digitalFlaneuse: This is a must-read, must-see explainer on machine learning. Gorgeous, clear, pedagogically sound. I‚Äôm adding it to my‚Ä¶","functiontelechy"
"positive","RT @digitalFlaneuse: This is a must-read, must-see explainer on machine learning. Gorgeous, clear, pedagogically sound. I‚Äôm adding it to my‚Ä¶","vboykis"
"positive","This is a must-read, must-see explainer on machine learning. Gorgeous, clear, pedagogically sound. I‚Äôm adding it to‚Ä¶ https://t.co/pimgw75k8D","digitalFlaneuse"
"neutral","C.H. Robinson moving loads with data science https://t.co/4VSVrAyft4","MLMinfluence"
"negative","RT @LiftEmotion: Is your #python machine learning model giving you trouble? \n#AI #ML #Bigdata #Apple #Google #GCP #Azure #AWS #Deeplearning‚Ä¶","machinelearn_d"
"neutral","RT @databeersvlc: 3rd speaker #databeers VLC #SmartCities\nV√≠ctor H. S√°ez @vicSaez @barriolapinada\n\n‚è∞27 June, 19h @OctubreCCC \nü•áBrand event:‚Ä¶","OctubreCCC"
"neutral","RT @databeersvlc: Here it comes the 2nd speaker of our next #databeers VLC\nAndr√©s Navarro @inmerco #HRAnalytics\n\n‚è∞27 June, 19h @OctubreCCC‚Ä¶","OctubreCCC"
"neutral","https://t.co/pfP8HY9R3k","ivolapuma"
"neutral","RT @databeersvlc: 1st speaker of our next #databeers will be @PerrinAlexandre @berkleevalencia \n\n‚è∞27 June, 19h @OctubreCCC \nü•áBrand event: S‚Ä¶","OctubreCCC"
"neutral","RT @ICE_engineers: Technology and data science are part of the future of #infrastructure, and will be crucial for engineers in working to‚Ä¶","FrontMechEng"
"neutral","Maximizing the Value of Web Data - Tapping into web data represents a competitive imperative for organizations acro‚Ä¶ https://t.co/1wVl4Kx6XP","importio"
"neutral","RT @ipfconline1: How Will Be The Job Market for #DataScientists and #MachineLearning /#AI Developers in 2018?\n\nhttps://t.co/QOAL7OPpmH @tan‚Ä¶","djgovani"
"neutral","RT @dataandme: üë®‚Äçüè´ brilliance: Ss wrote tutorials by topics, and they're üåü!\n UO Psychology Data Science Gallery by @robchavez\nhttps://t.co‚Ä¶","ChristEd930427"
"positive","RT @astorino_steven: Did you know that you easily create models visually with IBM Data Science Experience? https://t.co/R54tLmIBxr #DSX #Da‚Ä¶","machinelearn_d"
"positive","Orvium platform is the first open source and decentralized framework for managing scholarly publications‚Äô life cycl‚Ä¶ https://t.co/swy8pmDhVV","HABIBULINA777"
"positive","RT @Mark_J_Perry: New Data for Class of 2016: Women Earned &gt;57% of All Bachelor Degrees and Out-Earned Men in 16 out of 29 Major Fields. Pr‚Ä¶","palomas_ink"
"positive","RT @IainLJBrown: CH Robinson moving forward with data science\n\nRead more here: https://t.co/bgsqzHJ2gS\n\n#DataScience #MachineLearning #Deep‚Ä¶","Virtual_TopTech"
"neutral","Neural netting: the practice of fishing around for a neural net architecture that works well, while trying to avoid‚Ä¶ https://t.co/zcFS3P2LVD","ChrisRackauckas"
"neutral","RT @YvesMulkers: Why #AI can‚Äôt solve everything\nThe hysteria about the future of #artificialintelligence (AI) is everywhere. There seems to‚Ä¶","c3aniel"
"positive","RT @MonniKaboom: Here's a blog accompanying our latest paper on trends in global reptile populations &amp; data gaps. In #Elvis words: A littl‚Ä¶","Platanistidae"
"neutral","By authenticating and certifying research data using the blockchain, the scientific community could reduce errors -‚Ä¶ https://t.co/GOzWj0eKEX","TranQuangNhat4"
"neutral","Hi @udacity I recently just discovered about your website and i have interest in the Data Science Nano Degree Progr‚Ä¶ https://t.co/5SiuxQqwFP","ijohnjassy"
"neutral","RT @ReetaLaakso: Loistavia uutisia, avoin @helsinkiuni alkaa tarjota ensimm√§isen vuoden tietojenk√§sittelytieteen opinnot ilmaiseksi kaikill‚Ä¶","hrry"
"neutral","RT @campusnorthuk: There's still time to register for the NHS Digital Leaders workshop tomorrow night!\nFind out all‚Ä¶ https://t.co/ozSFx3v0x5","d4hio"
"neutral","RT @skillsmatter: Gain the skills needed to move forward as a #data scientist! Join Brian Sletten's Data Science with R workshop this July‚Ä¶","machinelearn_d"
"positive","RT @Arash_Hajikhani: @risis_eu SMS platforms offer great use and application of #Data Harmonization, Enrichment and Linking of #science and‚Ä¶","EuritoH2020"
"neutral","RT @ICE_engineers: Technology and data science are part of the future of #infrastructure, and will be crucial for engineers in working to‚Ä¶","FrontBuiltEnv"
"positive","RT @DTWillingham: I review new evidence on learning styles: \nArticle here: https://t.co/IXPos48WHa\nBlog summary here: https://t.co/MoolXuhV‚Ä¶","williamspsych"
"neutral","RT @python_devv: Deep Learning Prerequisites: Linear Regression in Python\n\n‚òû https://t.co/1zVojvlC3U\n\n#Python #DeepLearning https://t.co/pr‚Ä¶","Algorithmic_Ef"
"neutral","Glassdoor voted us one of the #BestPlacesToWork in 2017! Come see what all the buzz is about! Apply to our newest o‚Ä¶ https://t.co/Tx4753fAF5","tmj_RDU_gensci"
"neutral","Recently had a prof lecture me on the importance of data science (as that is my path) so yaayy https://t.co/tPxErXMnBy","MyriamG999"
"positive","One of the most common problems in data science is a 'binary classification'. This means that you have two groups,‚Ä¶ https://t.co/7pdyTuIpRR","sue_dee_nym"
"positive","RT @SuperDealsite: üî• Hot Tech News!\nGo hands-on with the #neuralnetwork #artificialintelligence and #machinelearning techniques employers a‚Ä¶","deusex_mac"
"neutral","RT @AndersonBrito_: Deeptech Monday - Data science meets life science, @ucl\n\nhttps://t.co/cdvQTC8IoN","lucasphysics"
"positive","RT @ASIM_Payload: The @ASIM_Payload has successfully passed the commissioning and is now transitioning to nominal operations. Lots of usefu‚Ä¶","astrosmoelf"
"positive","Lisbon, entry level data science, full time\n\nCome join us! \n\nhttps://t.co/YdgKstfOMn","Pg_Fonseca"
"neutral","@KiryeNet ahuh, you have to homogenize and manipulate the data in order to show the warmig\nyou need to take a class‚Ä¶ https://t.co/fNqBA2vqr5","KinkerMichards"
"neutral","RT @kdnuggets: The What, Where and How of Data for Data Science https://t.co/lvRNUTBnmO https://t.co/GEUj2863fK","ArkangelScrap"
"positive","Are you a #STEM major? This #internship in #Hampton, VA might be a great learning opportunity for you. Click here t‚Ä¶ https://t.co/QMUFoFh0Ln","tmj_VAP_gensci"
"neutral","RT @LNdata: Este lunes 18, a las 18.30 -GRATIS- en Buenos Aires ... MEETUP #machinelearning organizado por @WiMLDS_BA  @RLadiesBA con la pr‚Ä¶","Fabiana_Flores"
"neutral","Weekly Article from Institute of ICT Professionals Ghana (#IIPGH1) published in Today‚Äôs B&amp;FT. Mrs. Lucy Quist share‚Ä¶ https://t.co/0fpBZYLW0n","DavidGowu"
"neutral","RT @PythonHub: Python Image Recognition: Hands-On Data Science Course https://t.co/gGkCNYGK8m","omodekunrin"
"neutral","RT @malavista: CH Robinson moving forward with data science - Commercial Carrier Journal https://t.co/JhC48pMbQm #datascience","omodekunrin"
"neutral","RT @SuriyaSubraman: CH Robinson moving forward with data science https://t.co/2kIhnKTNUu https://t.co/k24hhM93Ht","omodekunrin"
"positive","If you're interested in landing a data science job, why not sign up for @Pivigo's webinar this Wednesday 20 June.‚Ä¶ https://t.co/skvGFnfhPV","RHCareers"
"negative","RT @arunimi: Unleash the power of text analytics on your dark data with IBM Watson Explorer for Data Science Experience https://t.co/fgqKqu‚Ä¶","omodekunrin"
"neutral","Organizations Striving To Close The Data Science Skills Gap https://t.co/0iRkU4ILfE #tech https://t.co/Dq2WzpVVIO","TheMrBlueprint"
"neutral","RT @math_rachel: learn deep learning:¬†https://t.co/MhwV380FWg\ncomputational linear algebra:¬†https://t.co/CY7Gu8IXmZ\ndata science career adv‚Ä¶","TechBeaconCom"
"neutral","RT @AndersonBrito_: Deeptech Monday - Data science meets life science, @ucl\n\nhttps://t.co/cdvQTC8IoN","omodekunrin"
"neutral","Python Image Recognition: Hands-On Data Science Course https://t.co/gGkCNYGK8m","PythonHub"